<?xml version='1.0' encoding='UTF-8' ?>
<timeLogEntries>
  <time id="11" path="/Non Project/PSP Training/Program 2/Planning" start="@1455558876870" delta="30" interrupt="6" flag="A" />
  <time id="12" path="/Non Project/PSP Training/Program 2/Design" start="@1455561560586" delta="40" interrupt="7" flag="A" />
  <time id="13" path="/Non Project/PSP Training/Program 2/Design" start="@1455567768496" delta="17" flag="A" />
  <time id="14" path="/Non Project/PSP Training/Program 2/Design" start="@1455574170913" delta="5" interrupt="1" flag="A" />
  <time id="15" path="/Non Project/PSP Training/Program 2/Code" start="@1455574556735" delta="95" interrupt="3" flag="A" />
  <time id="16" path="/Non Project/PSP Training/Program 2/Code" start="@1455588039542" delta="78" interrupt="9" flag="A" />
  <time id="17" path="/Non Project/PSP Training/Program 2/Code" start="@1455594199787" delta="7" flag="A" />
  <time id="18" path="/Non Project/PSP Training/Program 2/Compile" start="@1455594688197" delta="19" interrupt="3" flag="A" />
  <time id="19" path="/Non Project/PSP Training/Program 2/Test" start="@1455596024023" delta="12" interrupt="10" flag="A" />
  <time id="20" path="/Non Project/PSP Training/Program 2/Test" start="@1455597505500" delta="31" interrupt="1" flag="A" />
  <time id="21" path="/Non Project/PSP Training/Program 2/Test" start="@1455636098246" delta="5" interrupt="2" flag="A" />
  <time id="22" path="/Non Project/PSP Training/Program 2/Test" start="@1455640023468" delta="42" interrupt="6" flag="A" />
  <time id="23" path="/Non Project/PSP Training/Program 2/Postmortem" start="@1455642952559" delta="57" interrupt="9" flag="A" />
  <time id="24" path="/Non Project/PSP Training/Program 2/Postmortem" start="@1455653376788" delta="1" flag="A" />
</timeLogEntries>
