<?xml version='1.0' encoding='UTF-8' ?>
<timeLogEntries>
  <time id="1" path="/Non Project/PSP Training/Program 1/Planning" start="@1453929783060" delta="5" />
  <time id="2" path="/Non Project/PSP Training/Program 1/Design" start="@1453930077852" delta="34" interrupt="1" />
  <time id="3" path="/Non Project/PSP Training/Program 1/Code" start="@1453932290759" delta="90" interrupt="12" />
  <time id="4" path="/Non Project/PSP Training/Program 1/Code" start="@1454033335274" delta="42" />
  <time id="5" path="/Non Project/PSP Training/Program 1/Compile" start="@1454035878452" delta="13" interrupt="2" />
  <time id="6" path="/Non Project/PSP Training/Program 1/Compile" start="@1454088872248" delta="12" interrupt="5" />
  <time id="7" path="/Non Project/PSP Training/Program 1/Test" start="@1454089897426" delta="4" />
  <time id="8" path="/Non Project/PSP Training/Program 1/Test" start="@1454106722681" delta="90" interrupt="14" />
  <time id="9" path="/Non Project/PSP Training/Program 1/Test" start="@1454171493024" delta="14" interrupt="3" />
  <time id="10" path="/Non Project/PSP Training/Program 1/Postmortem" start="@1454172562125" delta="4" />
</timeLogEntries>
