<?xml version='1.0' encoding='UTF-8' ?>
<timeLogEntries>
  <time id="1" path="/Non Project/PSP Training/Program 1/Planning" start="@1453929783060" delta="5" />
  <time id="2" path="/Non Project/PSP Training/Program 1/Design" start="@1453930077852" delta="34" interrupt="1" />
  <time id="3" path="/Non Project/PSP Training/Program 1/Code" start="@1453932290759" delta="90" interrupt="12" />
  <time id="4" path="/Non Project/PSP Training/Program 1/Code" start="@1454033335274" delta="42" />
  <time id="5" path="/Non Project/PSP Training/Program 1/Compile" start="@1454035878452" delta="13" interrupt="2" />
  <time id="6" path="/Non Project/PSP Training/Program 1/Compile" start="@1454088872248" delta="12" interrupt="5" />
  <time id="7" path="/Non Project/PSP Training/Program 1/Test" start="@1454089897426" delta="4" />
  <time id="8" path="/Non Project/PSP Training/Program 1/Test" start="@1454106722681" delta="90" interrupt="14" />
  <time id="9" path="/Non Project/PSP Training/Program 1/Test" start="@1454171493024" delta="14" interrupt="3" />
  <time id="10" path="/Non Project/PSP Training/Program 1/Postmortem" start="@1454172562125" delta="4" />
  <time id="11" path="/Non Project/PSP Training/Program 2/Planning" start="@1455558876870" delta="30" interrupt="6" />
  <time id="12" path="/Non Project/PSP Training/Program 2/Design" start="@1455561560586" delta="40" interrupt="7" />
  <time id="13" path="/Non Project/PSP Training/Program 2/Design" start="@1455567768496" delta="17" />
  <time id="14" path="/Non Project/PSP Training/Program 2/Design" start="@1455574170913" delta="5" interrupt="1" />
  <time id="15" path="/Non Project/PSP Training/Program 2/Code" start="@1455574556735" delta="95" interrupt="3" />
  <time id="16" path="/Non Project/PSP Training/Program 2/Code" start="@1455588039542" delta="78" interrupt="9" />
  <time id="17" path="/Non Project/PSP Training/Program 2/Code" start="@1455594199787" delta="7" />
  <time id="18" path="/Non Project/PSP Training/Program 2/Compile" start="@1455594688197" delta="19" interrupt="3" />
  <time id="19" path="/Non Project/PSP Training/Program 2/Test" start="@1455596024023" delta="12" interrupt="10" />
  <time id="20" path="/Non Project/PSP Training/Program 2/Test" start="@1455597505500" delta="31" interrupt="1" />
  <time id="21" path="/Non Project/PSP Training/Program 2/Test" start="@1455636098246" delta="5" interrupt="2" />
  <time id="22" path="/Non Project/PSP Training/Program 2/Test" start="@1455640023468" delta="42" interrupt="6" />
  <time id="23" path="/Non Project/PSP Training/Program 2/Postmortem" start="@1455642952559" delta="57" interrupt="9" />
  <time id="24" path="/Non Project/PSP Training/Program 2/Postmortem" start="@1455653376788" delta="1" />
  <time id="25" path="/Non Project/PSP Training/Program 2/Postmortem" start="@1455859018912" delta="5" />
  <time id="26" path="/Non Project/PSP Training/Program 3/Planning" start="@1456801949833" delta="23" interrupt="5" />
  <time id="27" path="/Non Project/PSP Training/Program 3/Design" start="@1456803683997" delta="10" />
  <time id="28" path="/Non Project/PSP Training/Program 3/Design Review" start="@1456804282673" delta="5" interrupt="7" />
  <time id="29" path="/Non Project/PSP Training/Program 3/Code" start="@1456805047956" delta="6" />
  <time id="30" path="/Non Project/PSP Training/Program 3/Code" start="@1456805767321" delta="14" />
  <time id="31" path="/Non Project/PSP Training/Program 3/Code" start="@1456806993151" delta="9" />
  <time id="32" path="/Non Project/PSP Training/Program 3/Code" start="@1456808042365" delta="28" />
</timeLogEntries>
