<?xml version='1.0' encoding='UTF-8' ?>
<timeLogEntries>
  <time id="1" path="/Non Project/PSP Training/Program 1/Planning" start="@1453929783060" delta="5" />
  <time id="2" path="/Non Project/PSP Training/Program 1/Design" start="@1453930077852" delta="34" interrupt="1" />
  <time id="3" path="/Non Project/PSP Training/Program 1/Code" start="@1453932290759" delta="90" interrupt="12" />
  <time id="4" path="/Non Project/PSP Training/Program 1/Code" start="@1454033335274" delta="42" />
  <time id="5" path="/Non Project/PSP Training/Program 1/Compile" start="@1454035878452" delta="13" interrupt="2" />
  <time id="6" path="/Non Project/PSP Training/Program 1/Compile" start="@1454088872248" delta="12" interrupt="5" />
  <time id="7" path="/Non Project/PSP Training/Program 1/Test" start="@1454089897426" delta="4" />
  <time id="8" path="/Non Project/PSP Training/Program 1/Test" start="@1454106722681" delta="90" interrupt="14" />
  <time id="9" path="/Non Project/PSP Training/Program 1/Test" start="@1454171493024" delta="14" interrupt="3" />
  <time id="10" path="/Non Project/PSP Training/Program 1/Postmortem" start="@1454172562125" delta="4" />
  <time id="11" path="/Non Project/PSP Training/Program 2/Planning" start="@1455558876870" delta="30" interrupt="6" />
  <time id="12" path="/Non Project/PSP Training/Program 2/Design" start="@1455561560586" delta="40" interrupt="7" />
  <time id="13" path="/Non Project/PSP Training/Program 2/Design" start="@1455567768496" delta="17" />
  <time id="14" path="/Non Project/PSP Training/Program 2/Design" start="@1455574170913" delta="5" interrupt="1" />
  <time id="15" path="/Non Project/PSP Training/Program 2/Code" start="@1455574556735" delta="95" interrupt="3" />
  <time id="16" path="/Non Project/PSP Training/Program 2/Code" start="@1455588039542" delta="78" interrupt="9" />
  <time id="17" path="/Non Project/PSP Training/Program 2/Code" start="@1455594199787" delta="7" />
  <time id="18" path="/Non Project/PSP Training/Program 2/Compile" start="@1455594688197" delta="19" interrupt="3" />
  <time id="19" path="/Non Project/PSP Training/Program 2/Test" start="@1455596024023" delta="12" interrupt="10" />
  <time id="20" path="/Non Project/PSP Training/Program 2/Test" start="@1455597505500" delta="31" interrupt="1" />
  <time id="21" path="/Non Project/PSP Training/Program 2/Test" start="@1455636098246" delta="5" interrupt="2" />
  <time id="22" path="/Non Project/PSP Training/Program 2/Test" start="@1455640023468" delta="42" interrupt="6" />
  <time id="23" path="/Non Project/PSP Training/Program 2/Postmortem" start="@1455642952559" delta="57" interrupt="9" />
  <time id="24" path="/Non Project/PSP Training/Program 2/Postmortem" start="@1455653376788" delta="1" />
  <time id="25" path="/Non Project/PSP Training/Program 2/Postmortem" start="@1455859018912" delta="5" />
  <time id="26" path="/Non Project/PSP Training/Program 3/Planning" start="@1456801949833" delta="23" interrupt="5" />
  <time id="27" path="/Non Project/PSP Training/Program 3/Design" start="@1456803683997" delta="10" />
  <time id="28" path="/Non Project/PSP Training/Program 3/Design Review" start="@1456804282673" delta="5" interrupt="7" />
  <time id="29" path="/Non Project/PSP Training/Program 3/Code" start="@1456805047956" delta="6" />
  <time id="30" path="/Non Project/PSP Training/Program 3/Code" start="@1456805767321" delta="14" />
  <time id="31" path="/Non Project/PSP Training/Program 3/Code" start="@1456806993151" delta="9" />
  <time id="32" path="/Non Project/PSP Training/Program 3/Code" start="@1456808042365" delta="28" />
  <time id="33" path="/Non Project/PSP Training/Program 3/Code" start="@1456850767243" delta="10" />
  <time id="34" path="/Non Project/PSP Training/Program 3/Code Review" start="@1456851394409" delta="38" interrupt="4" />
  <time id="35" path="/Non Project/PSP Training/Program 3/Compile" start="@1456853962669" delta="2" />
  <time id="36" path="/Non Project/PSP Training/Program 3/Test" start="@1456854064777" delta="12" />
  <time id="37" path="/Non Project/PSP Training/Program 3/Test" start="@1456855155507" delta="51" interrupt="2" />
  <time id="38" path="/Non Project/PSP Training/Program 3/Postmortem" start="@1456858374406" delta="23" />
  <time id="39" path="/Non Project/PSP Training/Program 4/Planning" start="@1457559475020" delta="42" />
  <time id="40" path="/Non Project/PSP Training/Program 4/Design" start="@1457561991931" delta="10" />
  <time id="41" path="/Non Project/PSP Training/Program 4/Design" start="@1457563509361" delta="61" interrupt="2" />
  <time id="42" path="/Non Project/PSP Training/Program 4/Design" start="@1458059634700" delta="93" interrupt="13" />
  <time id="43" path="/Non Project/PSP Training/Program 4/Design Review" start="@1458065973658" delta="15" />
  <time id="44" path="/Non Project/PSP Training/Program 4/Code" start="@1458067354363" delta="83" interrupt="12" />
  <time id="45" path="/Non Project/PSP Training/Program 4/Code Review" start="@1458073105721" delta="5" interrupt="4" />
  <time id="46" path="/Non Project/PSP Training/Program 4/Test" start="@1458073736108" delta="26" />
  <time id="47" path="/Non Project/PSP Training/Program 4/Test" start="@1458078250725" delta="52" interrupt="3" />
  <time id="48" path="/Non Project/PSP Training/Program 4/Postmortem" start="@1458081583622" delta="26" />
  <time id="49" path="/Non Project/PSP Training/Program 4/Test" start="@1458169548632" delta="24" />
  <time id="50" path="/Non Project/PSP Training/Program 5/Planning" start="@1459374132601" delta="21" />
  <time id="51" path="/Non Project/PSP Training/Program 5/Planning" start="@1459375678131" delta="1" />
  <time id="52" path="/Non Project/PSP Training/Program 5/Design" start="@1459375748756" delta="9" />
  <time id="53" path="/Non Project/PSP Training/Program 5/Design" start="@1459377083769" delta="65" interrupt="5" />
  <time id="55" path="/Non Project/PSP Training/Program 5/Design" start="@1459621774796" delta="9" interrupt="5" />
  <time id="56" path="/Non Project/PSP Training/Program 5/Design Review" start="@1459622634774" delta="35" interrupt="2" />
  <time id="57" path="/Non Project/PSP Training/Program 5/Design Review" start="@1459626111223" delta="5" />
  <time id="58" path="/Non Project/PSP Training/Program 5/Design Review" start="@1459792174088" delta="47" />
  <time id="59" path="/Non Project/PSP Training/Program 5/Code" start="@1459794973830" delta="20" interrupt="6" />
  <time id="60" path="/Non Project/PSP Training/Program 5/Code" start="@1459810134079" delta="12" />
  <time id="61" path="/Non Project/PSP Training/Program 5/Code" start="@1459811528469" delta="9" />
  <time id="62" path="/Non Project/PSP Training/Program 5/Code Review" start="@1459871005000" delta="20" />
</timeLogEntries>
